,idx,reward_sum,n_steps,reason
0,0,141.1108807940036,449,OOT
1,1,18.60730584152043,449,OOT
2,2,19.146012879908085,449,OOT
